X,Y,X-error,Y-error
0.17128204873207842,0.1188338728467042,0.2,0.2
0.16456389812297878,0.11105816379551098,0.2,0.2
-0.07741078818714678,0.15325327369741573,0.2,0.2
0.3097021068121016,0.41933145390336,0.2,0.2
0.5909859710579878,0.11685082821521749,0.2,0.2
0.5655063262669888,0.01576368214563692,0.2,0.2
0.7290669248764513,0.1355001504993529,0.2,0.2
0.7553190629842819,-0.012335812024700223,0.2,0.2
1.2086955572993323,0.26801205394322686,0.2,0.2
1.019842832710946,0.2511775679749939,0.2,0.2
1.0993346144918406,-0.07946100006419315,0.2,0.2
1.444212734903329,-0.0736840514005108,0.2,0.2
0.808548811638351,0.31482538971001967,0.2,0.2
0.887413852465113,0.10255683829101306,0.2,0.2
1.2279383709642104,0.1349788171442605,0.2,0.2
1.6870082926435834,-0.22735260644885386,0.2,0.2
1.5808810125359447,-0.08264740534649631,0.2,0.2
1.6365401192729003,0.06900143955478401,0.2,0.2
1.7411287490659928,-0.10828512637630405,0.2,0.2
2.203373262137921,0.28441783948551375,0.2,0.2
1.9926287292530838,-0.003898014593508324,0.2,0.2
2.4141499899359724,-0.3978342893228251,0.2,0.2
2.1223956414192275,0.15004976143145154,0.2,0.2
2.4547226397186734,0.18898829679716025,0.2,0.2
2.4058471047553747,0.4600623050199868,0.2,0.2
2.4691785348359327,0.0771164237044944,0.2,0.2
2.483908031772783,-0.2889858222584154,0.2,0.2
2.7486194039426075,0.04227561662216895,0.2,0.2
2.7375289192714,-0.1349327275777612,0.2,0.2
2.700909783621355,-0.23603678947807696,0.2,0.2
2.7822171794260364,0.06916951749637462,0.2,0.2
3.0203802624035876,0.02241401396837262,0.2,0.2
3.229836392333412,0.0984082875981546,0.2,0.2
3.3883125299660524,0.12394183790789828,0.2,0.2
3.093127409070416,0.3703203824588317,0.2,0.2
3.1202612927674926,-0.06656594910137306,0.2,0.2
3.495410772184505,-0.16179564334195146,0.2,0.2
3.7368238580394837,-0.16889844130668294,0.2,0.2
3.6831231654821006,0.017712660804002123,0.2,0.2
3.4622978804000386,0.17918287128441746,0.2,0.2
3.7942635141408525,-0.1436861082745632,0.2,0.2
4.125534471422901,0.15961581022198276,0.2,0.2
4.127157984090651,0.3423466413273305,0.2,0.2
4.279866458726611,0.0640401590135768,0.2,0.2
4.576967132406152,-0.10071797314891605,0.2,0.2
4.407350697282027,-0.2551465667844812,0.2,0.2
4.470043379353048,-0.18586508983895153,0.2,0.2
4.783438218051419,0.024547749798151955,0.2,0.2
4.870190897428562,0.2615712065595425,0.2,0.2
4.908430243264818,0.07007994034000102,0.2,0.2
5.104705722605892,-0.05228483545300687,0.2,0.2
5.2250097598409,0.02292187170167977,0.2,0.2
5.07290352320877,0.13568823683493825,0.2,0.2
5.398198751819454,0.17642396271613758,0.2,0.2
5.39222828506274,0.14059825583075186,0.2,0.2
5.348300545535879,0.27295058640556014,0.2,0.2
5.325614576762877,0.19081585803015044,0.2,0.2
5.546725732984114,-0.003594458404248227,0.2,0.2
5.440495846775361,0.028070343173071447,0.2,0.2
5.971399948765363,0.09354164138765142,0.2,0.2
5.889841036065858,-0.08422916293676758,0.2,0.2
5.976884634243787,0.24677739721493996,0.2,0.2
6.021716506894775,-0.046995693689055505,0.2,0.2
6.5736688269099375,0.3027595272987249,0.2,0.2
6.473173594178801,0.2769721537198007,0.2,0.2
6.140374250613716,0.19267359769132325,0.2,0.2
6.747644516318443,0.2920420616049505,0.2,0.2
6.571375328652829,-0.1108333318038894,0.2,0.2
6.797450813283088,-0.29628751100608874,0.2,0.2
7.03939632494459,0.22151133646804788,0.2,0.2
7.070493303454484,0.1713904284654877,0.2,0.2
6.839498720310296,-0.03300231099146234,0.2,0.2
7.34503501432384,-0.2557261084807328,0.2,0.2
7.478500993212036,-0.19251904398549954,0.2,0.2
7.243133476339688,0.2504108281985782,0.2,0.2
7.396464580582067,-0.007947558664293815,0.2,0.2
7.533343962672593,-0.14197207982618948,0.2,0.2
8.05259791605922,0.08317164870926388,0.2,0.2
7.870734241141466,0.19694993904873423,0.2,0.2
7.863589737451657,0.28691934937103136,0.2,0.2
7.860830645359556,-0.3097157086579808,0.2,0.2
7.607816465045948,-0.022873002577089463,0.2,0.2
7.8712916928421475,-0.27863343660735396,0.2,0.2
8.199053943561678,0.019360432415629444,0.2,0.2
8.613481700249135,-0.023259143486092523,0.2,0.2
8.758430286020609,-0.17885946843701406,0.2,0.2
8.608229021642964,-0.2924155590424661,0.2,0.2
8.625655814775442,-0.2566081186590616,0.2,0.2
8.86213875572799,-0.05725467870395521,0.2,0.2
8.69417554979189,-0.4209770321876727,0.2,0.2
9.182487307118347,0.20832732919849245,0.2,0.2
8.61621149852764,-0.19927662367720989,0.2,0.2
9.468350276359622,-0.007986654401300405,0.2,0.2
9.53873550175634,0.038827350990090305,0.2,0.2
9.352371774556904,0.028225390120614403,0.2,0.2
9.199228924556888,-0.225656806876244,0.2,0.2
9.529661945115054,-0.23079423938814744,0.2,0.2
9.601844071748177,-0.4042180282366753,0.2,0.2
9.590462268913061,0.07993313076001807,0.2,0.2
10.024067250780533,-0.11254218683589697,0.2,0.2
9.754738758995503,-0.023343736929903457,0.2,0.2
10.328684775902977,-0.09597680083058885,0.2,0.2
10.3959433944848,0.14121892610870676,0.2,0.2
10.476335432567799,0.05994518599726173,0.2,0.2
10.46024681980905,-0.21952562707485887,0.2,0.2
10.667604450570488,-0.1630816484063501,0.2,0.2
10.637053543440027,0.27999874102801914,0.2,0.2
10.878351163619278,0.2778185535022741,0.2,0.2
10.488848581512642,-0.19933488823231443,0.2,0.2
11.085966991539648,0.06182975435915089,0.2,0.2
10.507342713596225,-0.027584544919279093,0.2,0.2
11.147341809973005,0.24790634569074937,0.2,0.2
11.19395121355161,0.019685647494622177,0.2,0.2
11.10657847169084,0.20598662865528888,0.2,0.2
11.421143362051849,0.007089093251979026,0.2,0.2
11.557308930650148,0.06677320031136735,0.2,0.2
11.593410421919035,0.29471674315057667,0.2,0.2
12.158766483886083,0.20805109949517459,0.2,0.2
11.744835951886477,0.26743991549165047,0.2,0.2
11.804085466434083,0.441832923761878,0.2,0.2
12.33709068752566,0.18014937867362607,0.2,0.2
11.983822680199856,-0.05984445476819043,0.2,0.2
12.310984124557594,0.10304821951628784,0.2,0.2
12.339113749264394,0.29496146705756293,0.2,0.2
12.483291384069277,0.00024411086195133547,0.2,0.2
12.311382648821489,-0.15078270611319455,0.2,0.2
12.566360357316196,0.08405921955954343,0.2,0.2
12.381882314250902,-0.027603756925653304,0.2,0.2
12.525781927962951,0.01622519409307726,0.2,0.2
13.254178239466688,-0.10975437964059068,0.2,0.2
13.399527033805413,0.09363328113856573,0.2,0.2
12.946933424153217,-0.20656681890329853,0.2,0.2
12.963071597859697,-0.08279202693419858,0.2,0.2
13.269525570282381,-0.05915037859419102,0.2,0.2
13.946032769061958,0.07859668716304037,0.2,0.2
13.82205557962544,-0.08153953124366742,0.2,0.2
13.264269768389411,0.06979695276140635,0.2,0.2
13.508753852010386,0.06187039746689509,0.2,0.2
13.74109286035027,0.13944517315200486,0.2,0.2
13.847974407759931,-0.020140687711792477,0.2,0.2
13.937858365986346,-0.0377342941449046,0.2,0.2
13.824955508208799,0.1051202564902963,0.2,0.2
14.445711773585717,0.08291346499361525,0.2,0.2
14.559827874404318,-0.30901744501333755,0.2,0.2
14.505223149423054,0.3066602683705364,0.2,0.2
14.302022336958911,0.20151772684516067,0.2,0.2
14.592042729668451,-0.17314485247226075,0.2,0.2
14.659942866972841,0.10007589187804439,0.2,0.2
14.756950040322607,-0.02812488657456475,0.2,0.2
15.185131336715777,0.09215784703474462,0.2,0.2
15.12766000253444,0.08221376841026953,0.2,0.2
14.94853843264522,-0.4145306448849744,0.2,0.2
15.418695649672564,-0.21902370941535676,0.2,0.2
15.160607362635913,0.019648411679354907,0.2,0.2
15.344677885988922,0.13633048542784276,0.2,0.2
15.482713351517358,-0.06342212085962809,0.2,0.2
15.529689580116905,-0.09625172106844543,0.2,0.2
15.706919905339165,0.20009190283686237,0.2,0.2
16.101946564599665,0.07613356080327804,0.2,0.2
15.9579268686626,-0.07455043786939781,0.2,0.2
16.458699753855385,0.11131325889740606,0.2,0.2
15.728889850963197,-0.3316682688453656,0.2,0.2
16.092926580308447,0.04006541417892038,0.2,0.2
16.360413152540687,0.006414080677274656,0.2,0.2
16.31367958455327,-0.07613223850844775,0.2,0.2
16.743999872494737,-0.2136668332154625,0.2,0.2
16.92426166390742,0.25574715638701195,0.2,0.2
16.877920774221167,-0.23472341547217207,0.2,0.2
17.011121188990604,-0.026478042774659802,0.2,0.2
16.74675186797035,0.20923680681010023,0.2,0.2
17.136135253017105,-0.025141892024582495,0.2,0.2
17.29452799716348,0.0633550983109247,0.2,0.2
17.042779075913646,0.08739878335551195,0.2,0.2
16.981762958175043,0.05859485629733122,0.2,0.2
17.37439435673184,-0.03760528481486726,0.2,0.2
16.971252436587307,0.10998481630813715,0.2,0.2
17.590053522816756,-0.21700572922949332,0.2,0.2
17.841626756323947,-0.07369595942586966,0.2,0.2
18.062145376533234,0.0702154190522622,0.2,0.2
17.85840147351252,-0.09479741172666005,0.2,0.2
17.931323828663466,-0.1037902386796453,0.2,0.2
18.518112496566008,-0.39670874889318614,0.2,0.2
18.220902130787643,0.21114680535019195,0.2,0.2
18.321780960494642,0.1454637653199794,0.2,0.2
18.593241055126228,-0.15980580459060714,0.2,0.2
18.4900083395772,-0.05043892001558545,0.2,0.2
18.896697005362693,-0.3678653009234115,0.2,0.2
18.98962496748556,-0.01906348013219255,0.2,0.2
18.694402609385758,-0.011272366729498176,0.2,0.2
18.528389546136317,0.1838602500670043,0.2,0.2
18.851708711859708,0.09131041628734705,0.2,0.2
19.18593100840436,0.35036640298376676,0.2,0.2
19.087107881541115,-0.23883176332843942,0.2,0.2
19.805524710342187,0.04837754688055997,0.2,0.2
19.769395625423083,0.022844901938850047,0.2,0.2
19.71624593764198,0.13492514489715346,0.2,0.2
19.970619466842926,0.1449551980604713,0.2,0.2
19.777332461047553,-0.2973349644463198,0.2,0.2
19.48860694366164,0.28145998342202827,0.2,0.2
20.029637408528508,-0.3104221848118506,0.2,0.2
20.257500108891513,-0.057023313909030315,0.2,0.2
19.91194034791268,-0.0012509542795921744,0.2,0.2
19.87706795706661,-0.10954499410064039,0.2,0.2
20.549287128023106,-0.025111554622562593,0.2,0.2
20.193081974431596,0.09768082494278119,0.2,0.2
20.730971446492266,0.19492961564646386,0.2,0.2
20.520902803356936,-0.12476096296242223,0.2,0.2
20.14266633465624,0.5295445009477809,0.2,0.2
20.955828364627898,0.20055452204959198,0.2,0.2
20.461835250901036,-0.05099436931356316,0.2,0.2
21.189882504414584,0.3566656169287726,0.2,0.2
20.872613498208725,0.28473836035366,0.2,0.2
21.387612530299176,-0.12045454185840176,0.2,0.2
21.031423786026604,0.2563699987698767,0.2,0.2
21.266055013146783,-0.06797678515746361,0.2,0.2
21.337908098591114,0.23448515019467284,0.2,0.2
21.31206028398155,0.14816740702409256,0.2,0.2
21.717661054506785,-0.21206817496879465,0.2,0.2
21.42348183145502,-0.2756530597399912,0.2,0.2
21.78034111209585,0.3171863113267151,0.2,0.2
21.868484714683277,0.09865211887638982,0.2,0.2
22.422304583878507,0.0590480854260305,0.2,0.2
22.544919398160395,0.2841677682768131,0.2,0.2
22.274096389819434,0.07286419884959192,0.2,0.2
22.735054512070015,0.009812804891743757,0.2,0.2
22.094361958707694,-0.14777265770239062,0.2,0.2
22.73452889597247,0.13247130458575584,0.2,0.2
22.28259975699229,-0.01980909122736782,0.2,0.2
22.809609775263336,0.1065468785906587,0.2,0.2
23.07459261594376,0.04618891871691566,0.2,0.2
22.79453746130891,-0.010340924650250632,0.2,0.2
22.949531133115624,-0.26783898586745736,0.2,0.2
22.947919992399765,0.3711781531194781,0.2,0.2
23.330578663453796,0.1404524113756349,0.2,0.2
23.467226821192583,0.10512093735790215,0.2,0.2
24.08227490527775,-0.06751487137479761,0.2,0.2
23.636136559678956,0.032836387474119044,0.2,0.2
23.69494738244112,-0.21346741860827825,0.2,0.2
23.853931448751915,0.03370521553552332,0.2,0.2
23.667078473863725,-0.09209443122566235,0.2,0.2
24.117526776146587,0.23415224827095385,0.2,0.2
24.317656822672735,0.023581588987420604,0.2,0.2
24.562322115669,-0.02366926408464498,0.2,0.2
24.30582499428684,-0.10337291071220207,0.2,0.2
24.75658571106876,0.12243056039957412,0.2,0.2
24.623221661908918,0.2181217942489569,0.2,0.2
24.576094119031982,0.13006924800302075,0.2,0.2
24.601736085059898,0.08541648949660774,0.2,0.2
25.023908009450377,0.18223040346764535,0.2,0.2
24.692329974080366,0.14698505053528665,0.2,0.2
24.870828934357366,0.1967196231399647,0.2,0.2
24.64571425997406,0.21404409974046018,0.2,0.2
25.40483314164621,0.042190314691547964,0.2,0.2
25.18780651726604,0.08041835036961575,0.2,0.2
25.14221774030594,0.22129431946169276,0.2,0.2
25.635859213572967,0.4130092065437313,0.2,0.2
25.893691210775348,0.013962762141987148,0.2,0.2
25.696216904716284,0.1431281025061457,0.2,0.2
25.68295030457536,-0.11175441266701186,0.2,0.2
25.934446708051887,-0.005610569005558841,0.2,0.2
26.477108442049857,0.3390280617418204,0.2,0.2
26.204869471186157,0.10651459780238817,0.2,0.2
25.73588541872012,0.1041370693871179,0.2,0.2
26.706450256286942,0.44595918238774623,0.2,0.2
26.509907877193122,0.0796939890959937,0.2,0.2
26.249938300108656,0.5117611344895712,0.2,0.2
26.638735830491886,0.05709243834642818,0.2,0.2
26.52265136068553,0.19837710619896715,0.2,0.2
26.856459483685,0.17234882721355055,0.2,0.2
27.462983019629856,0.19409484301080754,0.2,0.2
26.7996082826535,0.13233349741282308,0.2,0.2
26.97266395615863,-0.11137815940457892,0.2,0.2
27.35830975913903,-0.024220406313783596,0.2,0.2
27.316949565094145,0.3275298871577801,0.2,0.2
27.34677407655223,-0.15828397140801787,0.2,0.2
27.54980480374268,-0.020969085220042094,0.2,0.2
27.666975593661142,0.19358567251117806,0.2,0.2
27.22565699724646,0.11589950296676887,0.2,0.2
27.56843795628817,0.480606276048633,0.2,0.2
27.764257844371045,-0.15224328586655927,0.2,0.2
28.333959007570364,0.2038685570965461,0.2,0.2
27.836347761589643,-0.0441516585604802,0.2,0.2
28.070542862859302,0.06888173945419886,0.2,0.2
28.409549223906104,0.24922331358653982,0.2,0.2
28.477219893796995,-0.01344836786663181,0.2,0.2
28.36755073061592,0.15102836044189055,0.2,0.2
28.745789110912167,0.1648613069618196,0.2,0.2
28.748280086936056,0.14036141777734937,0.2,0.2
28.84527338514523,0.12482213602379084,0.2,0.2
28.991607471651367,0.2904185849876231,0.2,0.2
29.218099259741184,-0.05788595710035538,0.2,0.2
29.373295231712063,0.14335958761501685,0.2,0.2
29.083212836031347,0.3034810889930067,0.2,0.2
28.904736857115353,0.4057040065874754,0.2,0.2
29.48434731238351,0.0033913752357571936,0.2,0.2
29.707760487933083,0.2086145060891724,0.2,0.2
29.894700619286027,0.38751145151765465,0.2,0.2
29.72944208133472,0.22103977564510904,0.2,0.2
29.65724385191881,0.13936063823744888,0.2,0.2
29.676616167095677,0.5021879317312399,0.2,0.2
29.798183766023126,0.12360732492180065,0.2,0.2
30.096074826179812,0.21160335389985638,0.2,0.2
30.026415791198627,0.19485262781389429,0.2,0.2
30.003923909812656,0.40539032049277884,0.2,0.2
30.63526010205915,0.43854425845277684,0.2,0.2
30.313134384561057,0.043403940561675375,0.2,0.2
30.714477472922365,0.2936990473490055,0.2,0.2
30.716736666164685,-0.140449016958423,0.2,0.2
31.0957371183187,0.0667997494048646,0.2,0.2
31.08102658815514,0.3073703956726224,0.2,0.2
30.995763991669612,0.14008856414939927,0.2,0.2
31.00576265178105,0.1014305779831163,0.2,0.2
31.560646034558733,0.8619653435402026,0.2,0.2
31.498979681706818,0.4069001209285651,0.2,0.2
31.51907508126807,0.3206802504009682,0.2,0.2
31.54141159261627,0.5639098021808374,0.2,0.2
31.45613014645168,0.8385394630703832,0.2,0.2
31.721871913222557,0.23991150538735298,0.2,0.2
31.86187163305802,0.3668328468882585,0.2,0.2
31.880127852345478,0.5377466790418658,0.2,0.2
31.807771514456586,0.088771114522214,0.2,0.2
32.21978872548428,0.10967656512873752,0.2,0.2
32.32823982384291,0.24177225493927385,0.2,0.2
32.24852194215161,0.34822672756696105,0.2,0.2
32.55316749177861,0.10448858875428643,0.2,0.2
32.31715166873102,0.19944775280024804,0.2,0.2
32.95614242740679,0.2179691323343072,0.2,0.2
32.642120345595224,0.3866194749011921,0.2,0.2
32.906806033297634,0.20108218538220102,0.2,0.2
33.1162022759354,0.25977644897167584,0.2,0.2
33.05047886351817,0.012602790024969501,0.2,0.2
32.930368964246554,-0.063175931029258,0.2,0.2
33.066745691658106,-0.09411469467251765,0.2,0.2
33.25564338480572,0.4434725497122894,0.2,0.2
33.304852946645376,0.307866928572947,0.2,0.2
33.49417889893006,-0.28198461013027765,0.2,0.2
33.16230211825633,0.0726539773076626,0.2,0.2
33.61313902084089,0.3765049618051189,0.2,0.2
33.70731871138662,0.6003812058644722,0.2,0.2
33.80450043424617,0.5120054501448632,0.2,0.2
34.04983132225295,0.5991121152046414,0.2,0.2
34.10187242737466,-0.037243562455620105,0.2,0.2
34.132710068462984,0.15953607383241938,0.2,0.2
34.36541586851217,0.5511560603369399,0.2,0.2
34.80743401424577,0.3868502001000719,0.2,0.2
34.46593265488701,0.3098670981159691,0.2,0.2
34.51775432097488,0.4456712903841529,0.2,0.2
34.42012597161006,0.2631673421478683,0.2,0.2
34.661432299774475,0.42901466173608227,0.2,0.2
34.70250536717746,0.26949059734072145,0.2,0.2
35.09811479636698,0.55054430387114,0.2,0.2
35.42079357221295,0.3109015319236644,0.2,0.2
35.37213309384878,0.5026933510260864,0.2,0.2
35.58854213755465,0.3834324898764114,0.2,0.2
35.483197567915944,0.1392744356234636,0.2,0.2
35.45470222657065,0.42624488994441945,0.2,0.2
35.60431942456279,0.17614088729332164,0.2,0.2
35.709084933213994,0.27289079633712454,0.2,0.2
35.90014925250588,0.11179903292988252,0.2,0.2
36.15595934691755,0.02070643810424072,0.2,0.2
36.10758080088346,0.3687669860580313,0.2,0.2
36.23028988093487,0.23232701031302347,0.2,0.2
35.86800015914115,0.22083703905201113,0.2,0.2
36.322475566855445,0.6627848830096396,0.2,0.2
36.530267729306665,0.24888029124112576,0.2,0.2
36.33757409191704,0.6024945242369064,0.2,0.2
36.83142735980782,0.4484367033279218,0.2,0.2
36.87430246510366,0.4797360910794168,0.2,0.2
36.8866948566913,0.6876751885784748,0.2,0.2
36.96024104166736,0.7110828333724903,0.2,0.2
37.157494703441515,0.6530459101902988,0.2,0.2
37.14882225681754,0.8219657112188519,0.2,0.2
37.36245284409733,0.3989809257710009,0.2,0.2
37.2777707156842,0.1588554464602528,0.2,0.2
37.21023672973842,0.7633591915573212,0.2,0.2
37.45085728924249,0.9631744543821605,0.2,0.2
37.238994105445066,0.7183475198768956,0.2,0.2
37.70976178574014,0.6711214376176131,0.2,0.2
38.03166104929856,0.5462402562964778,0.2,0.2
37.587175390840734,0.837054927475759,0.2,0.2
37.96122607286683,0.8176120243627532,0.2,0.2
38.27080511954001,0.5062781464247618,0.2,0.2
37.95799273262443,0.832562752183208,0.2,0.2
38.79171143898815,0.5353839665370876,0.2,0.2
38.214175508416744,0.49397038082242617,0.2,0.2
38.55217926625657,0.11418379695268172,0.2,0.2
38.80966719298682,0.7410558325120934,0.2,0.2
38.36191697227447,0.8535986568585165,0.2,0.2
39.032790199355766,0.7240385356085997,0.2,0.2
39.11728144947983,0.58408081702131,0.2,0.2
38.871768574313485,0.36829705162954723,0.2,0.2
39.076634621546695,0.3949549048916722,0.2,0.2
39.12459964639006,0.6844950367020829,0.2,0.2
39.40587436937133,0.36495857399753584,0.2,0.2
39.39280701335578,0.5495081370295569,0.2,0.2
39.62636502941551,0.30142681235050117,0.2,0.2
39.731666915301275,0.5770712217083703,0.2,0.2
40.06111193260905,0.2944362301749322,0.2,0.2
39.56283075363895,0.5594418069788383,0.2,0.2
39.97316030402444,0.6649930377459733,0.2,0.2
40.13142566885061,0.860673557987359,0.2,0.2
40.22546811647155,0.32321003647859076,0.2,0.2
40.242126792780404,0.7844986809164919,0.2,0.2
40.600113409183265,0.48737287051258127,0.2,0.2
40.22849248224437,0.7980960371566966,0.2,0.2
40.71704570399899,0.6138642617350087,0.2,0.2
40.543758250215,0.6871346300574607,0.2,0.2
40.38665252364917,0.801040375470416,0.2,0.2
40.659647475029985,0.5943960312430736,0.2,0.2
40.85468502839568,0.6393463720639444,0.2,0.2
41.31239001539325,0.6578285540404105,0.2,0.2
41.00117832434337,0.99567655765723,0.2,0.2
41.19650847133522,0.803286106679179,0.2,0.2
41.28530518357554,0.6842965971850532,0.2,0.2
41.436342885967875,0.8346397711973448,0.2,0.2
41.63041025508757,1.0496489628540004,0.2,0.2
41.65388193472875,0.7482034981722888,0.2,0.2
41.746019085046264,0.9309715772616178,0.2,0.2
41.43025825681888,0.801862628465525,0.2,0.2
41.680289995017944,0.8397988031822535,0.2,0.2
41.669736461836315,0.4869378043853894,0.2,0.2
41.877401234143996,0.6228415165808544,0.2,0.2
42.065582508982196,0.8204689962398019,0.2,0.2
42.50018963773201,0.9986622213804291,0.2,0.2
42.3738330191731,0.9439344249743867,0.2,0.2
42.570533642154395,1.139572127529163,0.2,0.2
42.57221752001731,0.4111115744577388,0.2,0.2
43.01534534070636,0.6639003913309309,0.2,0.2
42.691296181827354,0.8416070030926992,0.2,0.2
42.92933137700121,0.695650536449867,0.2,0.2
42.997821039548185,1.2965483941313147,0.2,0.2
42.83285708566769,1.1261936769762497,0.2,0.2
43.36518264286361,1.1138344336043398,0.2,0.2
43.3295808389042,0.7547475551675323,0.2,0.2
43.49503388916681,0.8427542832850143,0.2,0.2
43.426788875652406,0.7843651710717721,0.2,0.2
43.47603533183582,1.0049042173665776,0.2,0.2
43.8296888241696,0.8460235877420541,0.2,0.2
43.76102621029251,0.753569002859159,0.2,0.2
43.72182824552728,0.6538872089964192,0.2,0.2
43.89180325443091,1.0596439406407991,0.2,0.2
44.07046455473877,1.0607954731338898,0.2,0.2
44.06001502565783,0.7472170840180632,0.2,0.2
44.708378474374584,0.8382108114645624,0.2,0.2
44.615595629263154,0.8958233206783661,0.2,0.2
44.40434126672351,1.1862984223959225,0.2,0.2
44.72462750077102,0.9496895603828786,0.2,0.2
44.8707966772829,0.7082053314776889,0.2,0.2
44.900199850664976,1.1618675683274842,0.2,0.2
44.9142746133245,1.1638453606825552,0.2,0.2
44.711853800699146,1.1395071195440467,0.2,0.2
44.79685518109813,0.6826520852588885,0.2,0.2
45.3165094352466,1.0168662356790064,0.2,0.2
45.24817890790543,0.9262135434389227,0.2,0.2
45.76058451711295,1.0811610008725174,0.2,0.2
45.56536809156136,1.4698445555229818,0.2,0.2
45.896513553698476,0.9280012110952222,0.2,0.2
45.67316153886794,0.8828921917029463,0.2,0.2
45.84789281603555,0.9061656395149764,0.2,0.2
46.04677077890848,1.059809039462854,0.2,0.2
46.19608887910328,1.118376908691291,0.2,0.2
45.929563303741276,1.228136458401005,0.2,0.2
45.985802635996464,0.8820133746487124,0.2,0.2
46.418711848748586,1.1583908773286826,0.2,0.2
46.444209629465824,1.38611517198407,0.2,0.2
46.581762069388674,1.1498794170069517,0.2,0.2
46.62881378765595,0.7037789555224886,0.2,0.2
46.80766194409334,0.9117362570703622,0.2,0.2
47.06442639458819,1.0154363217806976,0.2,0.2
46.825835910477664,1.220537843770705,0.2,0.2
47.11453309350614,0.8032022698700853,0.2,0.2
47.08915653639043,1.018673324380956,0.2,0.2
47.09204246702467,0.9432873676781354,0.2,0.2
47.585487394111894,0.9304873533818352,0.2,0.2
47.62994642848868,1.216321719464684,0.2,0.2
47.098450471597786,0.9279732867335212,0.2,0.2
47.429970180672655,0.892021428127902,0.2,0.2
47.70322904501398,1.117832744503074,0.2,0.2
47.9467982245977,1.411297571099457,0.2,0.2
48.03704430675055,0.9252437994634545,0.2,0.2
48.37699138097249,1.050745661744381,0.2,0.2
48.3887943367865,0.9202168210912466,0.2,0.2
48.29032619011869,0.5539954047326503,0.2,0.2
48.33959740360801,0.7794706232908405,0.2,0.2
48.4408099730955,1.0308404676072043,0.2,0.2
48.45801112265304,1.3517202738730711,0.2,0.2
48.66804595093376,1.1164389991233412,0.2,0.2
48.71212032641188,0.8033294994186486,0.2,0.2
48.95952531354761,1.0467316515479086,0.2,0.2
48.72319174252774,0.9424213324334001,0.2,0.2
49.248788472322964,1.029885560313321,0.2,0.2
49.1164706499002,1.0440887197950142,0.2,0.2
49.24548581424648,0.9769331810356165,0.2,0.2
50.01918052471847,1.0493778077079445,0.2,0.2
49.621038901187234,0.9892840576443778,0.2,0.2
49.03916314433192,0.6419170103529053,0.2,0.2
49.79261903908846,1.1321497506805938,0.2,0.2
49.9310174873623,1.2849266005438476,0.2,0.2
49.555132686319524,0.9722843301336144,0.2,0.2
49.82766056900316,1.3640702046578173,0.2,0.2
50.233978214166484,0.8459589300920155,0.2,0.2
50.05540262919706,1.0182243652036636,0.2,0.2
50.46886423383757,0.92843170022669,0.2,0.2
50.71206554856882,0.8929208449980407,0.2,0.2
49.96231741014077,1.012955949134625,0.2,0.2
50.424440141375676,1.352362807682369,0.2,0.2
50.62385205101713,1.1093304358491387,0.2,0.2
50.85996096021558,1.2548557133168408,0.2,0.2
50.98766563007635,1.2758770644448505,0.2,0.2
51.050834549475525,0.5523498558167143,0.2,0.2
51.15387999638058,1.0757039151479413,0.2,0.2
51.04168495032271,1.0773354349818114,0.2,0.2
51.33600774738583,1.6164524034074712,0.2,0.2
51.29836646822297,1.31080356961487,0.2,0.2
51.63295779131995,0.9372187407772974,0.2,0.2
51.452539374520164,1.098335772143654,0.2,0.2
51.47282309550819,0.814348772511934,0.2,0.2
51.508250441780184,0.8571830211643808,0.2,0.2
51.81152022822447,1.065094140127397,0.2,0.2
52.16743420752408,1.1796285500584969,0.2,0.2
52.13759479096888,1.0219645212563966,0.2,0.2
52.51915162424338,0.8984475930519665,0.2,0.2
52.38114562329985,1.0291421746652456,0.2,0.2
52.233927379376425,0.8220163160281684,0.2,0.2
52.69518154587155,1.0623390732835827,0.2,0.2
52.273920452923804,1.1066298061387707,0.2,0.2
52.6645939905751,0.7490628877306849,0.2,0.2
52.85019853324949,1.0680477683263019,0.2,0.2
52.79737541485579,0.9785015992404404,0.2,0.2
52.90355296074044,1.0396350322099908,0.2,0.2
53.17356167099602,0.7005345744562423,0.2,0.2
53.195127783831595,0.9897982928079776,0.2,0.2
53.114934506210666,1.0231736748392317,0.2,0.2
53.54266896134873,0.8702971446314808,0.2,0.2
53.55202927035892,0.7262056327835928,0.2,0.2
53.40607806481378,1.0251006063423063,0.2,0.2
53.843771918998236,0.9938562787226491,0.2,0.2
53.551536412162,0.9955908821433782,0.2,0.2
54.01955979460525,0.8955282460790976,0.2,0.2
53.71630888489596,0.7975105881097664,0.2,0.2
54.06058897609826,0.6587317390112621,0.2,0.2
53.89553950761745,1.0202493246786233,0.2,0.2
54.482008214899835,1.0344339294915088,0.2,0.2
54.07389578314729,1.216022219060303,0.2,0.2
54.20130000857324,1.1474121934635448,0.2,0.2
54.4569524597293,1.144780286591343,0.2,0.2
54.54819309548104,1.2686646261818,0.2,0.2
54.627616944315626,1.2174362210998537,0.2,0.2
54.68320184148188,0.8108189202554689,0.2,0.2
55.13745061738426,0.6829273387396593,0.2,0.2
54.949943911100185,0.9464564223203649,0.2,0.2
54.91553866102979,1.0820318430746703,0.2,0.2
55.16621093869929,0.8366465155527552,0.2,0.2
55.66350167407508,1.0830212718221548,0.2,0.2
55.83508615070301,0.72852207653309,0.2,0.2
55.74955658030018,1.1314165159835758,0.2,0.2
55.985627830872374,0.8855077115369377,0.2,0.2
55.94853783879773,1.2060285779041244,0.2,0.2
55.6190056815595,1.085145971329206,0.2,0.2
55.882835498839555,0.8495589968827256,0.2,0.2
56.42214509157824,0.9671522315547479,0.2,0.2
56.570016937204116,0.6473090974548652,0.2,0.2
56.31225265646606,0.898260459010624,0.2,0.2
56.30734113608406,0.9221937993765595,0.2,0.2
56.33608102855815,0.9693904008104661,0.2,0.2
56.67697409913768,0.6478690439342071,0.2,0.2
56.576999645159304,0.8123835891399519,0.2,0.2
56.620489884166716,0.8339016160105053,0.2,0.2
56.88135501773988,0.5326770476505125,0.2,0.2
57.09200413332778,0.7810348123746699,0.2,0.2
57.18760066199011,0.8344825656590654,0.2,0.2
57.122685516316984,0.9035994813425703,0.2,0.2
57.482528217827976,0.9206066734262073,0.2,0.2
56.963692018796664,0.7985648405500413,0.2,0.2
57.306015139744176,0.9123338606262771,0.2,0.2
57.52142310603405,1.0054479057414865,0.2,0.2
57.65959314541889,1.263836985185849,0.2,0.2
57.88564366672814,0.8679120075053032,0.2,0.2
57.882709142309054,0.7024578846089474,0.2,0.2
58.04161438325126,1.111604157877888,0.2,0.2
57.771812819580674,0.5486541457803146,0.2,0.2
57.96473425232931,0.9808644630571668,0.2,0.2
58.19211661013382,0.3222976045839386,0.2,0.2
58.446300991451714,0.7263391807041826,0.2,0.2
58.65408614885153,0.6449444064617658,0.2,0.2
58.3658616002591,0.8473834851499099,0.2,0.2
58.74430950445211,0.5187490785824814,0.2,0.2
58.78173233300002,0.9171847461109404,0.2,0.2
58.66510540857965,0.6694471647900345,0.2,0.2
59.18667171324037,0.9889891647562354,0.2,0.2
59.116379269121786,0.7496493417896385,0.2,0.2
58.985555741692856,0.6473085289622408,0.2,0.2
59.46832491210806,0.541241548702869,0.2,0.2
59.22950706154179,0.7648209464444035,0.2,0.2
59.33631099374006,0.6427801264614292,0.2,0.2
59.25215602040819,0.672276263483415,0.2,0.2
59.83448698546322,0.8396243543502391,0.2,0.2
59.69319150817126,0.806233561269841,0.2,0.2
59.93901290782196,0.6160952993168165,0.2,0.2
60.08057396675144,0.5902400662832015,0.2,0.2
60.203462583568516,0.333765485446395,0.2,0.2
60.2826231618813,0.8333147179655657,0.2,0.2
59.757185297677744,0.4050701595963706,0.2,0.2
60.13360999083102,0.48655939129548553,0.2,0.2
60.48925757150248,0.43482336960279894,0.2,0.2
60.4598563260036,0.7626117251437137,0.2,0.2
60.85716644188373,0.6506158770326418,0.2,0.2
60.82272001116327,0.5361199451383332,0.2,0.2
61.21021110325367,0.6494699532407107,0.2,0.2
60.566861249816895,0.23777429650166676,0.2,0.2
61.33473087009151,0.5700752766936208,0.2,0.2
61.56062474994613,0.4742846513128443,0.2,0.2
61.14075994378942,0.4587466372350279,0.2,0.2
61.592850193725845,0.3484581703896429,0.2,0.2
61.384913784441515,0.34362063864887127,0.2,0.2
61.656470027895566,0.36907852951488285,0.2,0.2
61.49248956134145,0.6967460073065401,0.2,0.2
61.823702650591684,0.7863137168235704,0.2,0.2
61.777318360921946,0.29679454528408306,0.2,0.2
62.223487085210536,0.2028903473085048,0.2,0.2
61.68809678599645,0.7016082704439693,0.2,0.2
62.342219972995025,0.4212750685790599,0.2,0.2
62.392072383032776,0.6286233720550376,0.2,0.2
62.17608782598359,0.7917253164860268,0.2,0.2
62.1907248951453,0.7327986259628932,0.2,0.2
62.503582565759004,0.004680964477685012,0.2,0.2
62.51182567374263,0.414829103279678,0.2,0.2
62.73008908213187,0.2757865812413747,0.2,0.2
62.77290713690301,0.37080446123520056,0.2,0.2
62.99579129176372,0.7174338546238089,0.2,0.2
62.95231051977412,0.274301656745625,0.2,0.2
62.97381560405987,0.4871856257162227,0.2,0.2
63.18747260384741,0.30750448037071765,0.2,0.2
63.26313551773574,0.2585679719327969,0.2,0.2
63.62921456775387,0.2651405904672077,0.2,0.2
63.316936855728024,0.7142004243491626,0.2,0.2
63.3764311777251,0.5758074434815544,0.2,0.2
63.79643631361702,0.4165900276459307,0.2,0.2
63.626847820332976,0.43581590107841917,0.2,0.2
63.70215731393365,0.5918406522947122,0.2,0.2
64.0299588325557,0.693331600422448,0.2,0.2
64.16540361490875,0.06379282483294263,0.2,0.2
64.27843912687577,0.4820630914165114,0.2,0.2
64.26042602514264,0.2984537071808681,0.2,0.2
64.30699719202427,0.5835356779804779,0.2,0.2
64.90064030070653,0.2395785774359319,0.2,0.2
64.93489156733351,0.2682146675429059,0.2,0.2
64.98334605411509,0.5908491853816015,0.2,0.2
64.85537771685284,0.25090440689265325,0.2,0.2
64.86770831891522,0.42245593831658773,0.2,0.2
65.10006860098294,0.1200260888624537,0.2,0.2
65.21405710970292,0.3646060879786517,0.2,0.2
65.48718813054442,0.36167867603148074,0.2,0.2
65.39374249703455,-0.06391539928316514,0.2,0.2
65.63806461952893,0.4828842439206686,0.2,0.2
65.3846862109472,0.3402866689297677,0.2,0.2
65.68419677326064,0.4751429589065369,0.2,0.2
65.94396444670305,0.330635762570295,0.2,0.2
65.88383716805015,0.17909169106544146,0.2,0.2
66.12183314296186,0.6216845392179716,0.2,0.2
65.99065434767134,0.21175051125994798,0.2,0.2
66.27212463352434,0.6696005530820738,0.2,0.2
66.3168899919965,0.41610490455683397,0.2,0.2
66.29015551418102,0.043874259428841766,0.2,0.2
66.56729427442033,-0.04093623065941204,0.2,0.2
66.73058319148967,0.4841886343820404,0.2,0.2
66.80319541907687,0.5307176903809323,0.2,0.2
66.92241315872874,0.6047479821202415,0.2,0.2
66.82202400650588,-0.10596305719378818,0.2,0.2
67.07266514074473,0.3978796036182429,0.2,0.2
67.4117024660782,-0.05036020814154052,0.2,0.2
67.32290834443276,0.532522904255718,0.2,0.2
67.10893841339903,-0.1375849550485786,0.2,0.2
67.40784060179591,0.12226599087891854,0.2,0.2
67.31994627847574,0.21305282627311395,0.2,0.2
67.03348391952225,0.3750538378674796,0.2,0.2
67.3917522481072,0.2590958648697518,0.2,0.2
67.7012507450934,0.31219647593358163,0.2,0.2
68.06615330193294,0.48126945959855544,0.2,0.2
67.81077616381705,0.1703923048793658,0.2,0.2
67.80603749504189,0.0037170315980958324,0.2,0.2
68.0333607370573,0.5463651608125972,0.2,0.2
68.12755619273837,0.5404559438571296,0.2,0.2
68.36941706521866,0.3208252116739154,0.2,0.2
68.39901143552338,-0.017009443317789974,0.2,0.2
68.71138986163359,0.4922684253950511,0.2,0.2
68.64608633734206,0.4003376387609347,0.2,0.2
68.73937937954355,0.101978675152504,0.2,0.2
68.70257081002006,0.35322272126999854,0.2,0.2
68.68398724203425,0.3215518992131251,0.2,0.2
68.69904451548122,0.2293024492952519,0.2,0.2
69.09458563162862,0.46124917928503356,0.2,0.2
68.88403380206809,-0.04763991622665714,0.2,0.2
69.28188316772788,0.23373042547367373,0.2,0.2
69.4766010973693,0.2938862988778022,0.2,0.2
69.34662307560419,0.23447354006791296,0.2,0.2
69.78876163864189,0.33504969162195186,0.2,0.2
69.76446684578737,0.22901658275179249,0.2,0.2
69.68110494710892,-0.11408370415223312,0.2,0.2
69.8066807916705,0.07019213969359324,0.2,0.2
69.96115302313312,0.22062288243649492,0.2,0.2
70.34882420924689,0.06856807323522043,0.2,0.2
70.02288060543492,0.0018222194347987108,0.2,0.2
70.51477397511397,0.2273305859091156,0.2,0.2
70.20359772811274,-0.046667797282790996,0.2,0.2
70.69980004536156,0.2695615117948306,0.2,0.2
70.72256737491307,0.053658224572234126,0.2,0.2
70.89447241782071,-0.004322650939857259,0.2,0.2
70.98340022295112,-0.02510395889404568,0.2,0.2
70.82178773207944,0.18583161346916516,0.2,0.2
70.98078955269308,0.2054992132051408,0.2,0.2
71.29417621747962,0.29296823388086035,0.2,0.2
71.23811764872619,-0.18134476329192029,0.2,0.2
71.30120665820675,-0.07129528790804526,0.2,0.2
71.66607645522785,-0.11089706409690059,0.2,0.2
71.25630542472672,0.10797814992864052,0.2,0.2
71.49078960840525,-0.01638476322523741,0.2,0.2
71.78849414618801,0.17513127442869011,0.2,0.2
71.57273804582476,0.12842556325464694,0.2,0.2
71.93567052603453,0.09712504404613159,0.2,0.2
71.8879403118934,0.4251720579038865,0.2,0.2
72.4704609029019,0.18261689945481632,0.2,0.2
72.26989790786979,-0.24159308106700472,0.2,0.2
72.81505694519515,-0.003269661078900199,0.2,0.2
72.3656389843457,0.2988866671368061,0.2,0.2
72.45499412682877,0.3171757247777131,0.2,0.2
72.59311183560881,0.4618357167134625,0.2,0.2
73.05977210283703,0.40467044621812265,0.2,0.2
72.71262341522619,-0.11478514972828845,0.2,0.2
72.86716656105796,-0.19042780778061885,0.2,0.2
73.09668549286053,0.12125870206548026,0.2,0.2
73.27988692891975,-0.05678390625560581,0.2,0.2
73.10705994595386,0.24954913766918868,0.2,0.2
73.8742180244489,-0.1442516129778837,0.2,0.2
73.36368910323205,0.04780335867618817,0.2,0.2
73.68448562224096,0.10222589738375143,0.2,0.2
73.52511878570668,-0.01713902533066318,0.2,0.2
73.83134581998469,-0.1160894917394946,0.2,0.2
73.67111796736961,0.08941285252180624,0.2,0.2
74.12548824640399,0.291694039733865,0.2,0.2
74.37251859552556,0.17174273574654064,0.2,0.2
73.9947882199366,-0.1771601452839771,0.2,0.2
74.1617284029929,0.1308526520155578,0.2,0.2
74.15729761966819,0.5390950357995034,0.2,0.2
74.67145403261028,0.17190626980142876,0.2,0.2
74.43128739640976,0.009276078117533115,0.2,0.2
74.03651238997486,-0.16578321440527516,0.2,0.2
74.68854844411706,-0.028292656406317118,0.2,0.2
75.00148798885733,0.07380510227394937,0.2,0.2
75.0090749342662,-0.1005190412628186,0.2,0.2
75.2684788816157,-0.06286677299677175,0.2,0.2
75.28521331798004,0.27999669429463414,0.2,0.2
75.50433980877443,0.17994809465283354,0.2,0.2
75.50413935547276,-0.07060012546511328,0.2,0.2
75.62053924239815,0.01701715182370722,0.2,0.2
75.45221835677161,-0.155980909396953,0.2,0.2
75.67425060236693,-0.07400077240627548,0.2,0.2
76.05540868409219,0.40956899301338934,0.2,0.2
75.82696434887899,0.20675304468294972,0.2,0.2
75.96002780369881,0.17920731444425483,0.2,0.2
76.08914291936487,0.19644620206177377,0.2,0.2
76.01551366365561,0.23754281380540376,0.2,0.2
76.24610470320859,0.5938553076240115,0.2,0.2
76.42471853958638,0.0732339087599884,0.2,0.2
76.28819927783309,0.2942590481982238,0.2,0.2
76.44243122092871,-0.10322386452979235,0.2,0.2
76.36133054653581,0.082365073449916,0.2,0.2
76.67966432603444,-0.055535199589760983,0.2,0.2
76.95473314858971,0.018371858345559884,0.2,0.2
77.10308099243639,-0.0034501997461541395,0.2,0.2
77.1381351038292,0.24918057207149621,0.2,0.2
77.21738012521789,0.04110643550197399,0.2,0.2
77.17391901263946,0.0691877767216951,0.2,0.2
77.09274204641702,-0.03626783357925212,0.2,0.2
77.25737698498541,-0.02329510247491856,0.2,0.2
77.7953749594464,0.038422096614050466,0.2,0.2
77.66540549049392,0.4245503587189426,0.2,0.2
77.95058391758137,0.21246536887627948,0.2,0.2
77.80253850675035,0.06359672893575294,0.2,0.2
77.93743588223072,0.07554601432421036,0.2,0.2
77.71938983184889,0.05881488859778755,0.2,0.2
78.10338517129601,0.09692079125556917,0.2,0.2
77.8982227286488,-0.08331554947742176,0.2,0.2
78.46934477739332,0.14103148484569925,0.2,0.2
78.42290624217101,0.17413358221458686,0.2,0.2
78.629979225838,0.24696093620792336,0.2,0.2
78.65206683991745,0.19191944774248068,0.2,0.2
78.61183385726856,-0.20055243817564536,0.2,0.2
78.858858691404,0.1902857024041526,0.2,0.2
78.93933916915348,-0.2600327578969139,0.2,0.2
78.77224081905632,0.21096572607327946,0.2,0.2
79.19001380816162,0.35785407707214256,0.2,0.2
78.99379514388848,-0.17009798226192513,0.2,0.2
79.53102390393599,0.2763864858816897,0.2,0.2
79.42298197822393,-0.32977635788671694,0.2,0.2
79.56147513963951,0.17312078727941005,0.2,0.2
80.12786923806455,0.05626529327049796,0.2,0.2
79.81238411774,0.21914837119579422,0.2,0.2
79.95969776908167,0.28101911919435846,0.2,0.2
80.23168608883324,0.06035768323731791,0.2,0.2
80.12500133315993,0.04994714276686366,0.2,0.2
80.38119194195063,0.014572756483434403,0.2,0.2
80.18024038586697,0.1055688415628331,0.2,0.2
80.44837997807173,-0.10800770468542932,0.2,0.2
80.56741505278531,-0.25118218573690787,0.2,0.2
80.73750370995009,0.03382338691150303,0.2,0.2
80.52296464168501,-0.08218045630984198,0.2,0.2
81.1501407497995,-0.28140858263169316,0.2,0.2
80.86989067905462,-0.015242881431826713,0.2,0.2
81.12835162104854,-0.11520106547200565,0.2,0.2
81.13325936601782,-0.0780434878717217,0.2,0.2
80.9936386294017,0.2327230497354994,0.2,0.2
81.13014573613263,-0.0204247703708502,0.2,0.2
81.58575848178515,0.24410051506686653,0.2,0.2
81.51853566088974,0.2715392686534451,0.2,0.2
81.55953296313226,0.15068734642953566,0.2,0.2
81.99622577130754,0.38481800179708314,0.2,0.2
81.94394365234105,0.043800556311338765,0.2,0.2
82.00352783819743,0.15438811285816784,0.2,0.2
82.15849940560314,0.0016128625205195715,0.2,0.2
82.32414523956143,-0.3559234646645543,0.2,0.2
82.24273475872062,-0.060151318239750125,0.2,0.2
82.1971604211617,0.2845899735879313,0.2,0.2
82.27841954921804,-0.432538373835852,0.2,0.2
82.6700605810723,0.22964347507786503,0.2,0.2
82.67753417993944,0.34966674880358295,0.2,0.2
82.68324080803109,-0.29311638706946364,0.2,0.2
82.70045931229585,-0.18402146397356942,0.2,0.2
82.73513692603453,0.2386562055553737,0.2,0.2
82.96999079137693,0.2662678193280646,0.2,0.2
83.06312306795945,-0.07029092834140652,0.2,0.2
82.87768390917519,-0.3098174691048313,0.2,0.2
83.45660455540583,0.27107234168595684,0.2,0.2
83.6448069041196,0.0806694284878668,0.2,0.2
83.44769114794067,0.37291484576389156,0.2,0.2
83.44885613934527,0.17331377100531958,0.2,0.2
83.55636972189681,-0.0587439970294835,0.2,0.2
83.91466722556905,0.08281768567415013,0.2,0.2
83.68044078011876,-0.44524854718502693,0.2,0.2
84.4333178838456,-0.21464389595076866,0.2,0.2
84.39695139050538,0.13762101184760034,0.2,0.2
84.19593417939186,0.32922711315959396,0.2,0.2
84.27869293941141,-0.11970502633374455,0.2,0.2
84.13293933806058,0.20243441817450147,0.2,0.2
84.47013135538562,0.2730501287333307,0.2,0.2
84.63338526580571,-0.037743801838859864,0.2,0.2
84.52102250244047,0.04002390516422403,0.2,0.2
84.6255246380218,-0.08890151090052192,0.2,0.2
85.15823188906303,0.053629177190383924,0.2,0.2
85.11485596746247,-0.1331395368326966,0.2,0.2
85.38197382926266,0.04589678976421836,0.2,0.2
85.22156046585896,0.3507358037175387,0.2,0.2
85.01327139363829,0.15074018361244232,0.2,0.2
85.67677272849127,0.16907374748389647,0.2,0.2
85.21462803758182,0.16264813126711386,0.2,0.2
85.74196812655123,0.3036010757217879,0.2,0.2
85.67402221281894,0.2061411298953991,0.2,0.2
85.63998319041877,-0.25322612561221547,0.2,0.2
85.88021248526032,0.17889584290833402,0.2,0.2
85.87900002013255,-0.17988472361681512,0.2,0.2
86.16219997209517,0.14591901744676172,0.2,0.2
86.13155108064267,-0.20870456060255801,0.2,0.2
85.9511238255044,-0.003327379940735224,0.2,0.2
86.4720914014715,0.14088219586683104,0.2,0.2
86.76233687493723,-0.41962281573020666,0.2,0.2
86.75768374709651,0.0722927432001808,0.2,0.2
86.7263067478919,-0.1000101203475891,0.2,0.2
86.94233228703885,-0.35773084222940343,0.2,0.2
86.94738428929425,0.10169002811798054,0.2,0.2
87.0833114231921,0.09840864796131535,0.2,0.2
87.20538572346565,-0.13887567583737404,0.2,0.2
87.42769543047774,-0.011672421443829212,0.2,0.2
87.58328592620406,0.07573395056129117,0.2,0.2
87.72492833826274,-0.31127951957015526,0.2,0.2
87.79817525992749,-0.35281171472081985,0.2,0.2
87.38268407483419,-0.09233287947759254,0.2,0.2
87.29546719462196,0.019673902121395012,0.2,0.2
87.98095748061832,0.2969777219867784,0.2,0.2
87.98219572974288,0.15481908301155603,0.2,0.2
87.72965579352937,-0.11244723069563782,0.2,0.2
88.05918612219091,-0.03687583962392585,0.2,0.2
88.28975172084623,-0.03746663167329588,0.2,0.2
88.23266668340456,-0.42594642237775404,0.2,0.2
88.49207028856962,0.21174940682494797,0.2,0.2
88.5171406267606,-0.1622528060405024,0.2,0.2
88.49883158677765,-0.014174897621815202,0.2,0.2
88.74696067413035,-0.21948819798005198,0.2,0.2
88.52295271030124,-0.09869329392804489,0.2,0.2
88.90920258276616,-0.13359671815149765,0.2,0.2
88.61113577120192,0.1142529437253283,0.2,0.2
89.05215885799646,-0.21877283945829562,0.2,0.2
88.85920357885703,0.05069901311889921,0.2,0.2
89.20542423314504,-0.01153616676044536,0.2,0.2
89.43556582166458,0.08265729997580137,0.2,0.2
89.5746654268745,0.2569438265318439,0.2,0.2
89.64905413029297,-0.13941316595504136,0.2,0.2
89.74159515351394,-0.18543805678317185,0.2,0.2
89.7683972125298,0.2571551348851685,0.2,0.2
89.78024870596438,0.3553573654168704,0.2,0.2
89.90780158667471,-0.04012289429626761,0.2,0.2
90.00831866517761,0.26270744645376876,0.2,0.2
89.99053379081812,-0.0211236390127545,0.2,0.2
90.30557667977092,0.24004028732195862,0.2,0.2
90.36274567260315,-0.0431623339327204,0.2,0.2
90.40905428399869,0.10761702824807487,0.2,0.2
90.3561401759554,-0.0075850372409712805,0.2,0.2
90.47333537564087,0.17707208205045122,0.2,0.2
90.80677960253887,0.2318901291059114,0.2,0.2
91.21203932056382,0.10490026784309223,0.2,0.2
91.23237585178146,0.021960967024809663,0.2,0.2
91.3138338144928,0.1913803378697363,0.2,0.2
91.2793131728405,-0.23366419552211692,0.2,0.2
90.9698440737412,0.2762779934266867,0.2,0.2
91.2211476371983,0.00816027219749537,0.2,0.2
91.25430703407227,0.07890213857050532,0.2,0.2
91.4473455945895,0.20514076570789205,0.2,0.2
91.49669694893267,-0.24247174172270697,0.2,0.2
91.90529286268826,0.1018524777680081,0.2,0.2
91.71731872395877,-0.5065008119162523,0.2,0.2
91.89480783260369,-0.0004518658231380604,0.2,0.2
92.35771540178854,-0.19616032279738702,0.2,0.2
92.27069487810338,0.05196059283877266,0.2,0.2
92.26813041104305,-0.0776141310221978,0.2,0.2
92.81104069454783,-0.28700219843987196,0.2,0.2
92.44875328359304,0.19474088143291432,0.2,0.2
92.91120267278623,0.3002212106174061,0.2,0.2
92.87072485190753,0.33680576674092466,0.2,0.2
92.81825943466072,0.24598604226957552,0.2,0.2
92.86444937210582,-0.5192583238826313,0.2,0.2
93.05653570948598,0.3259600334791617,0.2,0.2
93.08657118703569,-0.25485743653417786,0.2,0.2
93.27841906743858,0.2315688076731804,0.2,0.2
93.466131646267,-0.19941522811795942,0.2,0.2
92.97371814836887,0.07846375012370967,0.2,0.2
93.93977713187469,0.18074685254561734,0.2,0.2
93.65007102317153,-0.026176082891164812,0.2,0.2
93.65350860837323,0.06014075185123158,0.2,0.2
93.51692912132681,0.08993268075346142,0.2,0.2
94.0672505274795,0.14220383225423655,0.2,0.2
94.0678503448694,-0.3408194532200102,0.2,0.2
93.45588590584713,-0.278082447471299,0.2,0.2
94.01258977887633,0.13800920354615082,0.2,0.2
94.6627522374631,-0.3057357991119648,0.2,0.2
94.65779718245668,-0.037696295158053686,0.2,0.2
94.47055361934204,0.24321038296245964,0.2,0.2
94.86841348325487,-0.24003833463112284,0.2,0.2
95.1599386277848,0.09396077726090823,0.2,0.2
95.17241722145762,-0.11228169993940239,0.2,0.2
94.78715372259707,0.36936561367682885,0.2,0.2
94.6887093250253,0.04630877311101124,0.2,0.2
94.69721643691886,-0.3120387623420816,0.2,0.2
95.3478878935109,0.2216964346746727,0.2,0.2
95.70372815252446,0.24485138981713764,0.2,0.2
95.49917350754748,-0.14212040002370688,0.2,0.2
95.65630595334001,0.0002124215927869974,0.2,0.2
95.48184311585034,0.2068058224748901,0.2,0.2
95.86023875690294,-0.2610154118775052,0.2,0.2
95.87651435087581,0.18404376453826685,0.2,0.2
96.00255021843165,0.28045910282497993,0.2,0.2
95.93389881850517,0.05160847813543256,0.2,0.2
95.52768045848453,-0.045081549298099446,0.2,0.2
96.2571453657163,0.10640747090315802,0.2,0.2
96.58397766522728,0.4672692844598368,0.2,0.2
96.41828538030778,0.3928244594620131,0.2,0.2
96.62774421048807,0.11176159829082163,0.2,0.2
96.45208391209336,-0.009938330597423696,0.2,0.2
96.6703032778356,0.2662816286482228,0.2,0.2
96.66189736901784,-0.13495770144779706,0.2,0.2
97.21482190966557,-0.18861581324924442,0.2,0.2
97.46763547640441,0.19799694967083198,0.2,0.2
97.10469009970076,-0.2506885635188686,0.2,0.2
97.01111483248835,0.23334879024070615,0.2,0.2
97.42392737848596,0.07275424818258522,0.2,0.2
97.36957653462864,-0.11864576202937685,0.2,0.2
97.47175876914281,0.1851814393466531,0.2,0.2
97.5434127246023,-0.22574863789962094,0.2,0.2
97.72779309733778,-0.26243463096157993,0.2,0.2
97.77443302775835,0.2916672876777562,0.2,0.2
97.91888138351294,0.36012160605004573,0.2,0.2
98.07791931251367,-0.02423837511372398,0.2,0.2
97.83034061643068,-0.009488021861040995,0.2,0.2
97.77826309977074,0.23900509995368535,0.2,0.2
98.14735808271534,0.29432924517495945,0.2,0.2
98.14561203195467,-0.0015065590152262068,0.2,0.2
98.3333261429132,0.05606972199575431,0.2,0.2
98.39420009705097,0.01885847732220439,0.2,0.2
98.91822335602562,0.043688636313965926,0.2,0.2
98.97878753331547,-0.21711550581803118,0.2,0.2
98.69159139065627,-0.07013294137614799,0.2,0.2
98.89285995231612,-0.18911039380886993,0.2,0.2
99.06908210627645,-0.0289594666538076,0.2,0.2
99.12014510677999,-0.0813258490986914,0.2,0.2
99.11679923407088,0.26832578907651733,0.2,0.2
99.44501900024217,0.030124949562587718,0.2,0.2
99.26106776531732,-0.14187023355200484,0.2,0.2
99.34976488171964,0.29003915241476164,0.2,0.2
99.73521593794572,-0.11542591975129585,0.2,0.2
99.87996378533117,0.12631219056451098,0.2,0.2
100.28984765646727,-0.24129363773380302,0.2,0.2
99.60711469765225,0.03788200642141674,0.2,0.2
